*,0
01/01/2006,1485
01/01/2007,1636
01/01/2008,1631
01/01/2009,1547
01/01/2010,1757
01/01/2011,1720
01/01/2012,1550
01/01/2013,1598
01/01/2014,1810
01/01/2015,1475
01/02/2006,736
01/02/2007,1072
01/02/2008,828
01/02/2009,960
01/02/2010,850
01/02/2011,720
01/02/2012,786
01/02/2013,890
01/02/2014,900
01/02/2015,844
01/03/2006,850
01/03/2007,1042
01/03/2008,905
01/03/2009,986
01/03/2010,749
01/03/2011,800
01/03/2012,888
01/03/2013,945
01/03/2014,773
01/03/2015,810
01/04/2006,944
01/04/2007,1004
01/04/2008,1073
01/04/2009,781
01/04/2010,883
01/04/2011,939
01/04/2012,881
01/04/2013,1117
01/04/2014,855
01/04/2015,711
01/05/2006,975
01/05/2007,1162
01/05/2008,1042
01/05/2009,969
01/05/2010,937
01/05/2011,938
01/05/2012,1046
01/05/2013,1036
01/05/2014,828
01/05/2015,851
01/06/2006,1058
01/06/2007,967
01/06/2008,866
01/06/2009,901
01/06/2010,970
01/06/2011,975
01/06/2012,1154
01/06/2013,839
01/06/2014,934
01/06/2015,764
01/07/2006,863
01/07/2007,855
01/07/2008,960
01/07/2009,907
01/07/2010,1039
01/07/2011,966
01/07/2012,1031
01/07/2013,899
01/07/2014,830
01/07/2015,761
01/08/2006,845
01/08/2007,937
01/08/2008,1050
01/08/2009,990
01/08/2010,1026
01/08/2011,847
01/08/2012,851
01/08/2013,998
01/08/2014,969
01/08/2015,787
01/09/2006,927
01/09/2007,861
01/09/2008,972
01/09/2009,1082
01/09/2010,907
01/09/2011,733
01/09/2012,906
01/09/2013,1069
01/09/2014,1038
01/09/2015,918
01/10/2006,961
01/10/2007,968
01/10/2008,1109
01/10/2009,848
01/10/2010,874
01/10/2011,813
01/10/2012,1019
01/10/2013,1083
01/10/2014,1200
01/10/2015,901
01/11/2006,955
01/11/2007,988
01/11/2008,1135
01/11/2009,736
01/11/2010,865
01/11/2011,928
01/11/2012,989
01/11/2013,1060
01/11/2014,1098
01/11/2015,800
01/12/2006,949
01/12/2007,1091
01/12/2008,1029
01/12/2009,903
01/12/2010,916
01/12/2011,720
01/12/2012,1004
01/12/2013,1063
01/12/2014,1023
01/12/2015,842
01/13/2006,1123
01/13/2007,985
01/13/2008,935
01/13/2009,1025
01/13/2010,979
01/13/2011,876
01/13/2012,1112
01/13/2013,968
01/13/2014,1028
01/13/2015,986
01/14/2006,813
01/14/2007,907
01/14/2008,933
01/14/2009,962
01/14/2010,1029
01/14/2011,986
01/14/2012,987
01/14/2013,964
01/14/2014,1103
01/14/2015,953
01/15/2006,804
01/15/2007,950
01/15/2008,1003
01/15/2009,841
01/15/2010,1339
01/15/2011,1013
01/15/2012,799
01/15/2013,1019
01/15/2014,1237
01/15/2015,1075
01/16/2006,754
01/16/2007,944
01/16/2008,1002
01/16/2009,911
01/16/2010,1053
01/16/2011,829
01/16/2012,849
01/16/2013,972
01/16/2014,1156
01/16/2015,1049
01/17/2006,922
01/17/2007,882
01/17/2008,1026
01/17/2009,935
01/17/2010,884
01/17/2011,796
01/17/2012,1000
01/17/2013,1081
01/17/2014,1246
01/17/2015,1019
01/18/2006,917
01/18/2007,941
01/18/2008,1142
01/18/2009,730
01/18/2010,878
01/18/2011,897
01/18/2012,1015
01/18/2013,1051
01/18/2014,1127
01/18/2015,802
01/19/2006,950
01/19/2007,1051
01/19/2008,1059
01/19/2009,741
01/19/2010,1024
01/19/2011,976
01/19/2012,941
01/19/2013,1021
01/19/2014,957
01/19/2015,879
01/20/2006,1031
01/20/2007,978
01/20/2008,889
01/20/2009,907
01/20/2010,1063
01/20/2011,1040
01/20/2012,1095
01/20/2013,909
01/20/2014,959
01/20/2015,1003
01/21/2006,910
01/21/2007,821
01/21/2008,867
01/21/2009,917
01/21/2010,1027
01/21/2011,967
01/21/2012,860
01/21/2013,802
01/21/2014,784
01/21/2015,960
01/22/2006,787
01/22/2007,879
01/22/2008,991
01/22/2009,920
01/22/2010,1170
01/22/2011,903
01/22/2012,764
01/22/2013,826
01/22/2014,795
01/22/2015,996
01/23/2006,912
01/23/2007,951
01/23/2008,982
01/23/2009,1143
01/23/2010,1064
01/23/2011,762
01/23/2012,968
01/23/2013,828
01/23/2014,863
01/23/2015,1088
01/24/2006,920
01/24/2007,1002
01/24/2008,964
01/24/2009,992
01/24/2010,855
01/24/2011,794
01/24/2012,1077
01/24/2013,870
01/24/2014,1035
01/24/2015,881
01/25/2006,886
01/25/2007,867
01/25/2008,1081
01/25/2009,761
01/25/2010,823
01/25/2011,869
01/25/2012,1019
01/25/2013,1020
01/25/2014,1046
01/25/2015,874
01/26/2006,837
01/26/2007,897
01/26/2008,980
01/26/2009,824
01/26/2010,960
01/26/2011,754
01/26/2012,975
01/26/2013,900
01/26/2014,873
01/26/2015,765
01/27/2006,1006
01/27/2007,968
01/27/2008,848
01/27/2009,885
01/27/2010,945
01/27/2011,659
01/27/2012,1166
01/27/2013,812
01/27/2014,888
01/27/2015,631
01/28/2006,812
01/28/2007,845
01/28/2008,829
01/28/2009,836
01/28/2010,876
01/28/2011,894
01/28/2012,1132
01/28/2013,835
01/28/2014,946
01/28/2015,836
01/29/2006,775
01/29/2007,753
01/29/2008,890
01/29/2009,936
01/29/2010,990
01/29/2011,887
01/29/2012,888
01/29/2013,983
01/29/2014,917
01/29/2015,846
01/30/2006,826
01/30/2007,887
01/30/2008,922
01/30/2009,1010
01/30/2010,853
01/30/2011,785
01/30/2012,912
01/30/2013,1003
01/30/2014,1036
01/30/2015,893
01/31/2006,802
01/31/2007,859
01/31/2008,958
01/31/2009,955
01/31/2010,745
01/31/2011,761
01/31/2012,1007
01/31/2013,981
01/31/2014,1107
01/31/2015,846
02/01/2006,1155
02/01/2007,1112
02/01/2008,1255
02/01/2009,1058
02/01/2010,1075
02/01/2011,1102
02/01/2012,1301
02/01/2013,1284
02/01/2014,1336
02/01/2015,1046
02/02/2006,960
02/02/2007,1075
02/02/2008,1040
02/02/2009,900
02/02/2010,956
02/02/2011,800
02/02/2012,1047
02/02/2013,1028
02/02/2014,1035
02/02/2015,682
02/03/2006,1034
02/03/2007,906
02/03/2008,971
02/03/2009,741
02/03/2010,992
02/03/2011,945
02/03/2012,1069
02/03/2013,790
02/03/2014,878
02/03/2015,728
02/04/2006,884
02/04/2007,721
02/04/2008,880
02/04/2009,859
02/04/2010,934
02/04/2011,1056
02/04/2012,1051
02/04/2013,862
02/04/2014,909
02/04/2015,908
02/05/2006,771
02/05/2007,746
02/05/2008,943
02/05/2009,839
02/05/2010,1107
02/05/2011,949
02/05/2012,862
02/05/2013,930
02/05/2014,878
02/05/2015,890
02/06/2006,924
02/06/2007,791
02/06/2008,996
02/06/2009,973
02/06/2010,910
02/06/2011,808
02/06/2012,945
02/06/2013,955
02/06/2014,997
02/06/2015,953
02/07/2006,882
02/07/2007,904
02/07/2008,958
02/07/2009,902
02/07/2010,768
02/07/2011,843
02/07/2012,982
02/07/2013,1011
02/07/2014,1120
02/07/2015,951
02/08/2006,902
02/08/2007,915
02/08/2008,1093
02/08/2009,818
02/08/2010,768
02/08/2011,877
02/08/2012,1054
02/08/2013,850
02/08/2014,1030
02/08/2015,833
02/09/2006,880
02/09/2007,962
02/09/2008,946
02/09/2009,860
02/09/2010,871
02/09/2011,937
02/09/2012,1008
02/09/2013,705
02/09/2014,915
02/09/2015,813
02/10/2006,1001
02/10/2007,920
02/10/2008,799
02/10/2009,1022
02/10/2010,647
02/10/2011,1022
02/10/2012,1225
02/10/2013,795
02/10/2014,881
02/10/2015,888
02/11/2006,867
02/11/2007,738
02/11/2008,782
02/11/2009,1045
02/11/2010,748
02/11/2011,1136
02/11/2012,987
02/11/2013,815
02/11/2014,954
02/11/2015,942
02/12/2006,450
02/12/2007,811
02/12/2008,770
02/12/2009,1001
02/12/2010,1015
02/12/2011,981
02/12/2012,847
02/12/2013,999
02/12/2014,1009
02/12/2015,954
02/13/2006,650
02/13/2007,890
02/13/2008,801
02/13/2009,1069
02/13/2010,939
02/13/2011,841
02/13/2012,869
02/13/2013,1039
02/13/2014,687
02/13/2015,943
02/14/2006,802
02/14/2007,711
02/14/2008,930
02/14/2009,920
02/14/2010,722
02/14/2011,883
02/14/2012,948
02/14/2013,992
02/14/2014,1008
02/14/2015,955
02/15/2006,946
02/15/2007,818
02/15/2008,1178
02/15/2009,893
02/15/2010,729
02/15/2011,1014
02/15/2012,1045
02/15/2013,1212
02/15/2014,1021
02/15/2015,869
02/16/2006,907
02/16/2007,933
02/16/2008,950
02/16/2009,843
02/16/2010,778
02/16/2011,1045
02/16/2012,990
02/16/2013,1014
02/16/2014,847
02/16/2015,770
02/17/2006,1085
02/17/2007,874
02/17/2008,810
02/17/2009,898
02/17/2010,875
02/17/2011,1080
02/17/2012,1184
02/17/2013,895
02/17/2014,867
02/17/2015,816
02/18/2006,829
02/18/2007,796
02/18/2008,836
02/18/2009,896
02/18/2010,937
02/18/2011,1122
02/18/2012,1066
02/18/2013,839
02/18/2014,958
02/18/2015,941
02/19/2006,716
02/19/2007,754
02/19/2008,942
02/19/2009,861
02/19/2010,974
02/19/2011,963
02/19/2012,847
02/19/2013,880
02/19/2014,946
02/19/2015,819
02/20/2006,764
02/20/2007,940
02/20/2008,910
02/20/2009,977
02/20/2010,1031
02/20/2011,844
02/20/2012,850
02/20/2013,948
02/20/2014,1037
02/20/2015,907
02/21/2006,852
02/21/2007,918
02/21/2008,906
02/21/2009,992
02/21/2010,858
02/21/2011,769
02/21/2012,940
02/21/2013,991
02/21/2014,1118
02/21/2015,917
02/22/2006,854
02/22/2007,881
02/22/2008,850
02/22/2009,782
02/22/2010,840
02/22/2011,848
02/22/2012,1027
02/22/2013,1090
02/22/2014,1211
02/22/2015,805
02/23/2006,881
02/23/2007,949
02/23/2008,946
02/23/2009,813
02/23/2010,864
02/23/2011,938
02/23/2012,924
02/23/2013,989
02/23/2014,958
02/23/2015,777
02/24/2006,833
02/24/2007,947
02/24/2008,755
02/24/2009,899
02/24/2010,923
02/24/2011,881
02/24/2012,998
02/24/2013,877
02/24/2014,952
02/24/2015,811
02/25/2006,827
02/25/2007,839
02/25/2008,847
02/25/2009,966
02/25/2010,831
02/25/2011,982
02/25/2012,960
02/25/2013,910
02/25/2014,990
02/25/2015,948
02/26/2006,692
02/26/2007,838
02/26/2008,856
02/26/2009,1002
02/26/2010,681
02/26/2011,1026
02/26/2012,846
02/26/2013,961
02/26/2014,936
02/26/2015,959
02/27/2006,811
02/27/2007,963
02/27/2008,971
02/27/2009,1091
02/27/2010,889
02/27/2011,898
02/27/2012,951
02/27/2013,980
02/27/2014,957
02/27/2015,979
02/28/2006,912
02/28/2007,973
02/28/2008,920
02/28/2009,960
02/28/2010,768
02/28/2011,833
02/28/2012,993
02/28/2013,1024
02/28/2014,1074
02/28/2015,955
02/29/2008,964
02/29/2012,895
03/01/2006,1156
03/01/2007,1223
03/01/2008,1161
03/01/2009,1054
03/01/2010,1160
03/01/2011,1245
03/01/2012,1192
03/01/2013,1320
03/01/2014,1363
03/01/2015,1103
03/02/2006,849
03/02/2007,1014
03/02/2008,883
03/02/2009,611
03/02/2010,946
03/02/2011,1005
03/02/2012,1088
03/02/2013,990
03/02/2014,961
03/02/2015,878
03/03/2006,999
03/03/2007,1006
03/03/2008,926
03/03/2009,780
03/03/2010,1026
03/03/2011,952
03/03/2012,1080
03/03/2013,845
03/03/2014,862
03/03/2015,917
03/04/2006,872
03/04/2007,871
03/04/2008,934
03/04/2009,875
03/04/2010,1038
03/04/2011,1075
03/04/2012,859
03/04/2013,831
03/04/2014,965
03/04/2015,932
03/05/2006,745
03/05/2007,814
03/05/2008,988
03/05/2009,1026
03/05/2010,1155
03/05/2011,1082
03/05/2012,936
03/05/2013,971
03/05/2014,1083
03/05/2015,840
03/06/2006,902
03/06/2007,768
03/06/2008,987
03/06/2009,1077
03/06/2010,1000
03/06/2011,785
03/06/2012,957
03/06/2013,945
03/06/2014,973
03/06/2015,967
03/07/2006,939
03/07/2007,907
03/07/2008,1083
03/07/2009,1118
03/07/2010,913
03/07/2011,815
03/07/2012,969
03/07/2013,967
03/07/2014,1193
03/07/2015,988
03/08/2006,935
03/08/2007,896
03/08/2008,901
03/08/2009,883
03/08/2010,964
03/08/2011,961
03/08/2012,1084
03/08/2013,982
03/08/2014,1158
03/08/2015,882
03/09/2006,940
03/09/2007,1032
03/09/2008,839
03/09/2009,882
03/09/2010,989
03/09/2011,986
03/09/2012,1088
03/09/2013,1056
03/09/2014,906
03/09/2015,1026
03/10/2006,1073
03/10/2007,1022
03/10/2008,930
03/10/2009,987
03/10/2010,1064
03/10/2011,962
03/10/2012,1045
03/10/2013,911
03/10/2014,1003
03/10/2015,1060
03/11/2006,937
03/11/2007,819
03/11/2008,930
03/11/2009,1072
03/11/2010,990
03/11/2011,1137
03/11/2012,829
03/11/2013,941
03/11/2014,1008
03/11/2015,1027
03/12/2006,758
03/12/2007,913
03/12/2008,1006
03/12/2009,966
03/12/2010,1039
03/12/2011,1097
03/12/2012,992
03/12/2013,890
03/12/2014,1077
03/12/2015,1021
03/13/2006,907
03/13/2007,1008
03/13/2008,963
03/13/2009,1117
03/13/2010,761
03/13/2011,862
03/13/2012,1059
03/13/2013,1140
03/13/2014,986
03/13/2015,1077
03/14/2006,904
03/14/2007,1011
03/14/2008,1057
03/14/2009,1008
03/14/2010,785
03/14/2011,898
03/14/2012,1085
03/14/2013,1000
03/14/2014,1157
03/14/2015,1029
03/15/2006,982
03/15/2007,961
03/15/2008,997
03/15/2009,958
03/15/2010,917
03/15/2011,1054
03/15/2012,1056
03/15/2013,1106
03/15/2014,1296
03/15/2015,1061
03/16/2006,948
03/16/2007,796
03/16/2008,854
03/16/2009,914
03/16/2010,986
03/16/2011,971
03/16/2012,1109
03/16/2013,978
03/16/2014,974
03/16/2015,967
03/17/2006,1005
03/17/2007,679
03/17/2008,904
03/17/2009,945
03/17/2010,1068
03/17/2011,1008
03/17/2012,1073
03/17/2013,916
03/17/2014,915
03/17/2015,1021
03/18/2006,897
03/18/2007,783
03/18/2008,954
03/18/2009,1014
03/18/2010,987
03/18/2011,1142
03/18/2012,1002
03/18/2013,870
03/18/2014,1039
03/18/2015,974
03/19/2006,762
03/19/2007,845
03/19/2008,886
03/19/2009,984
03/19/2010,1138
03/19/2011,1008
03/19/2012,933
03/19/2013,929
03/19/2014,1009
03/19/2015,951
03/20/2006,898
03/20/2007,969
03/20/2008,1048
03/20/2009,1046
03/20/2010,1056
03/20/2011,914
03/20/2012,1078
03/20/2013,963
03/20/2014,1173
03/20/2015,980
03/21/2006,896
03/21/2007,897
03/21/2008,1042
03/21/2009,992
03/21/2010,897
03/21/2011,796
03/21/2012,1083
03/21/2013,947
03/21/2014,1136
03/21/2015,1031
03/22/2006,919
03/22/2007,1034
03/22/2008,1021
03/22/2009,879
03/22/2010,807
03/22/2011,980
03/22/2012,1111
03/22/2013,1068
03/22/2014,1210
03/22/2015,924
03/23/2006,985
03/23/2007,1061
03/23/2008,820
03/23/2009,804
03/23/2010,984
03/23/2011,889
03/23/2012,1135
03/23/2013,1050
03/23/2014,898
03/23/2015,918
03/24/2006,976
03/24/2007,952
03/24/2008,870
03/24/2009,943
03/24/2010,1036
03/24/2011,988
03/24/2012,1036
03/24/2013,908
03/24/2014,960
03/24/2015,912
03/25/2006,947
03/25/2007,872
03/25/2008,1020
03/25/2009,1002
03/25/2010,1047
03/25/2011,1085
03/25/2012,949
03/25/2013,853
03/25/2014,1013
03/25/2015,984
03/26/2006,802
03/26/2007,945
03/26/2008,1014
03/26/2009,866
03/26/2010,1068
03/26/2011,920
03/26/2012,931
03/26/2013,962
03/26/2014,994
03/26/2015,968
03/27/2006,951
03/27/2007,936
03/27/2008,953
03/27/2009,1151
03/27/2010,972
03/27/2011,820
03/27/2012,941
03/27/2013,984
03/27/2014,1037
03/27/2015,1069
03/28/2006,913
03/28/2007,993
03/28/2008,1084
03/28/2009,1019
03/28/2010,857
03/28/2011,885
03/28/2012,1042
03/28/2013,1027
03/28/2014,1137
03/28/2015,988
03/29/2006,892
03/29/2007,913
03/29/2008,945
03/29/2009,861
03/29/2010,791
03/29/2011,858
03/29/2012,1011
03/29/2013,992
03/29/2014,933
03/29/2015,903
03/30/2006,894
03/30/2007,1046
03/30/2008,784
03/30/2009,897
03/30/2010,774
03/30/2011,963
03/30/2012,1108
03/30/2013,980
03/30/2014,860
03/30/2015,934
03/31/2006,960
03/31/2007,933
03/31/2008,873
03/31/2009,954
03/31/2010,922
03/31/2011,948
03/31/2012,932
03/31/2013,812
03/31/2014,917
03/31/2015,945
04/01/2006,1161
04/01/2007,1089
04/01/2008,1253
04/01/2009,1227
04/01/2010,1250
04/01/2011,1280
04/01/2012,1024
04/01/2013,1123
04/01/2014,1327
04/01/2015,1418
04/02/2006,817
04/02/2007,920
04/02/2008,1061
04/02/2009,1006
04/02/2010,977
04/02/2011,1073
04/02/2012,957
04/02/2013,905
04/02/2014,1124
04/02/2015,1091
04/03/2006,893
04/03/2007,845
04/03/2008,987
04/03/2009,1011
04/03/2010,968
04/03/2011,911
04/03/2012,1020
04/03/2013,988
04/03/2014,1108
04/03/2015,1104
04/04/2006,951
04/04/2007,820
04/04/2008,1088
04/04/2009,896
04/04/2010,857
04/04/2011,907
04/04/2012,1123
04/04/2013,989
04/04/2014,1147
04/04/2015,1096
04/05/2006,951
04/05/2007,933
04/05/2008,1056
04/05/2009,905
04/05/2010,926
04/05/2011,978
04/05/2012,1057
04/05/2013,1083
04/05/2014,1109
04/05/2015,854
04/06/2006,974
04/06/2007,929
04/06/2008,846
04/06/2009,835
04/06/2010,975
04/06/2011,1073
04/06/2012,1068
04/06/2013,966
04/06/2014,917
04/06/2015,956
04/07/2006,1069
04/07/2007,962
04/07/2008,933
04/07/2009,940
04/07/2010,1003
04/07/2011,1046
04/07/2012,1026
04/07/2013,883
04/07/2014,919
04/07/2015,951
04/08/2006,869
04/08/2007,719
04/08/2008,939
04/08/2009,1028
04/08/2010,1046
04/08/2011,1048
04/08/2012,836
04/08/2013,976
04/08/2014,1058
04/08/2015,1005
04/09/2006,756
04/09/2007,814
04/09/2008,989
04/09/2009,1011
04/09/2010,1082
04/09/2011,1067
04/09/2012,892
04/09/2013,1030
04/09/2014,1131
04/09/2015,941
04/10/2006,921
04/10/2007,949
04/10/2008,1056
04/10/2009,979
04/10/2010,1106
04/10/2011,933
04/10/2012,975
04/10/2013,1089
04/10/2014,1038
04/10/2015,1055
04/11/2006,866
04/11/2007,943
04/11/2008,1138
04/11/2009,889
04/11/2010,895
04/11/2011,988
04/11/2012,917
04/11/2013,1053
04/11/2014,1115
04/11/2015,988
04/12/2006,1053
04/12/2007,885
04/12/2008,1030
04/12/2009,783
04/12/2010,923
04/12/2011,933
04/12/2012,1024
04/12/2013,1069
04/12/2014,1151
04/12/2015,946
04/13/2006,995
04/13/2007,1111
04/13/2008,885
04/13/2009,810
04/13/2010,985
04/13/2011,947
04/13/2012,1096
04/13/2013,1127
04/13/2014,1025
04/13/2015,968
04/14/2006,932
04/14/2007,1004
04/14/2008,927
04/14/2009,907
04/14/2010,1002
04/14/2011,1102
04/14/2012,993
04/14/2013,907
04/14/2014,950
04/14/2015,1118
04/15/2006,983
04/15/2007,776
04/15/2008,1017
04/15/2009,918
04/15/2010,1070
04/15/2011,1198
04/15/2012,1010
04/15/2013,1042
04/15/2014,997
04/15/2015,1130
04/16/2006,810
04/16/2007,900
04/16/2008,1009
04/16/2009,924
04/16/2010,1098
04/16/2011,891
04/16/2012,980
04/16/2013,1077
04/16/2014,1052
04/16/2015,1119
04/17/2006,855
04/17/2007,1004
04/17/2008,941
04/17/2009,1069
04/17/2010,1069
04/17/2011,894
04/17/2012,1074
04/17/2013,1101
04/17/2014,1007
04/17/2015,1140
04/18/2006,945
04/18/2007,974
04/18/2008,1077
04/18/2009,1010
04/18/2010,862
04/18/2011,991
04/18/2012,1072
04/18/2013,1104
04/18/2014,1146
04/18/2015,1183
04/19/2006,951
04/19/2007,1002
04/19/2008,1001
04/19/2009,800
04/19/2010,1004
04/19/2011,884
04/19/2012,1015
04/19/2013,1112
04/19/2014,1048
04/19/2015,1001
04/20/2006,979
04/20/2007,1125
04/20/2008,891
04/20/2009,862
04/20/2010,1114
04/20/2011,1050
04/20/2012,1233
04/20/2013,1037
04/20/2014,932
04/20/2015,920
04/21/2006,1004
04/21/2007,944
04/21/2008,845
04/21/2009,949
04/21/2010,1030
04/21/2011,944
04/21/2012,1148
04/21/2013,929
04/21/2014,964
04/21/2015,1064
04/22/2006,854
04/22/2007,897
04/22/2008,943
04/22/2009,968
04/22/2010,1101
04/22/2011,1081
04/22/2012,869
04/22/2013,906
04/22/2014,1074
04/22/2015,1112
04/23/2006,734
04/23/2007,941
04/23/2008,995
04/23/2009,990
04/23/2010,1140
04/23/2011,974
04/23/2012,933
04/23/2013,980
04/23/2014,1164
04/23/2015,1032
04/24/2006,850
04/24/2007,1029
04/24/2008,917
04/24/2009,1115
04/24/2010,991
04/24/2011,865
04/24/2012,964
04/24/2013,1101
04/24/2014,1041
04/24/2015,1102
04/25/2006,854
04/25/2007,1003
04/25/2008,966
04/25/2009,974
04/25/2010,826
04/25/2011,868
04/25/2012,1115
04/25/2013,1115
04/25/2014,1160
04/25/2015,1074
04/26/2006,943
04/26/2007,1041
04/26/2008,978
04/26/2009,960
04/26/2010,864
04/26/2011,964
04/26/2012,991
04/26/2013,1154
04/26/2014,1061
04/26/2015,1001
04/27/2006,969
04/27/2007,982
04/27/2008,751
04/27/2009,860
04/27/2010,968
04/27/2011,1027
04/27/2012,1186
04/27/2013,1119
04/27/2014,1010
04/27/2015,975
04/28/2006,1089
04/28/2007,1052
04/28/2008,799
04/28/2009,965
04/28/2010,1078
04/28/2011,1000
04/28/2012,1047
04/28/2013,909
04/28/2014,959
04/28/2015,1024
04/29/2006,928
04/29/2007,920
04/29/2008,843
04/29/2009,1051
04/29/2010,1021
04/29/2011,1097
04/29/2012,1001
04/29/2013,957
04/29/2014,957
04/29/2015,1098
04/30/2006,847
04/30/2007,997
04/30/2008,911
04/30/2009,1042
04/30/2010,1189
04/30/2011,1019
04/30/2012,972
04/30/2013,1045
04/30/2014,830
04/30/2015,1038
05/01/2006,1189
05/01/2007,1272
05/01/2008,1221
05/01/2009,1311
05/01/2010,1232
05/01/2011,1097
05/01/2012,1238
05/01/2013,1303
05/01/2014,1364
05/01/2015,1506
05/02/2006,935
05/02/2007,1011
05/02/2008,1100
05/02/2009,1027
05/02/2010,968
05/02/2011,914
05/02/2012,1049
05/02/2013,1125
05/02/2014,1239
05/02/2015,943
05/03/2006,1010
05/03/2007,1076
05/03/2008,980
05/03/2009,816
05/03/2010,918
05/03/2011,1018
05/03/2012,1057
05/03/2013,1142
05/03/2014,1144
05/03/2015,1004
05/04/2006,959
05/04/2007,1058
05/04/2008,858
05/04/2009,850
05/04/2010,995
05/04/2011,912
05/04/2012,1138
05/04/2013,1064
05/04/2014,1055
05/04/2015,964
05/05/2006,1192
05/05/2007,1057
05/05/2008,916
05/05/2009,1030
05/05/2010,1097
05/05/2011,972
05/05/2012,1060
05/05/2013,1009
05/05/2014,1054
05/05/2015,1088
05/06/2006,983
05/06/2007,901
05/06/2008,1054
05/06/2009,1061
05/06/2010,1051
05/06/2011,1142
05/06/2012,989
05/06/2013,971
05/06/2014,1138
05/06/2015,1083
05/07/2006,905
05/07/2007,973
05/07/2008,951
05/07/2009,921
05/07/2010,1219
05/07/2011,1018
05/07/2012,897
05/07/2013,1103
05/07/2014,1151
05/07/2015,1065
05/08/2006,918
05/08/2007,932
05/08/2008,1004
05/08/2009,1168
05/08/2010,1058
05/08/2011,888
05/08/2012,1065
05/08/2013,1004
05/08/2014,1033
05/08/2015,1139
05/09/2006,996
05/09/2007,1044
05/09/2008,994
05/09/2009,1094
05/09/2010,842
05/09/2011,982
05/09/2012,1063
05/09/2013,1039
05/09/2014,1180
05/09/2015,1084
05/10/2006,1043
05/10/2007,999
05/10/2008,1005
05/10/2009,908
05/10/2010,965
05/10/2011,1098
05/10/2012,1134
05/10/2013,1241
05/10/2014,1165
05/10/2015,1078
05/11/2006,1022
05/11/2007,1116
05/11/2008,862
05/11/2009,967
05/11/2010,960
05/11/2011,1115
05/11/2012,1145
05/11/2013,1113
05/11/2014,1029
05/11/2015,1028
05/12/2006,980
05/12/2007,1099
05/12/2008,879
05/12/2009,1064
05/12/2010,1023
05/12/2011,1126
05/12/2012,1118
05/12/2013,1055
05/12/2014,1090
05/12/2015,1101
05/13/2006,942
05/13/2007,858
05/13/2008,1037
05/13/2009,1118
05/13/2010,1048
05/13/2011,1167
05/13/2012,978
05/13/2013,981
05/13/2014,1116
05/13/2015,1180
05/14/2006,817
05/14/2007,1015
05/14/2008,1029
05/14/2009,983
05/14/2010,1141
05/14/2011,985
05/14/2012,972
05/14/2013,1044
05/14/2014,1134
05/14/2015,1101
05/15/2006,971
05/15/2007,1091
05/15/2008,1025
05/15/2009,1206
05/15/2010,1049
05/15/2011,951
05/15/2012,1054
05/15/2013,1173
05/15/2014,1217
05/15/2015,1312
05/16/2006,862
05/16/2007,1047
05/16/2008,1021
05/16/2009,1039
05/16/2010,921
05/16/2011,893
05/16/2012,1127
05/16/2013,1142
05/16/2014,1236
05/16/2015,1072
05/17/2006,951
05/17/2007,1064
05/17/2008,1004
05/17/2009,868
05/17/2010,950
05/17/2011,923
05/17/2012,1122
05/17/2013,1179
05/17/2014,1157
05/17/2015,1023
05/18/2006,1008
05/18/2007,1085
05/18/2008,857
05/18/2009,915
05/18/2010,840
05/18/2011,1049
05/18/2012,1183
05/18/2013,1045
05/18/2014,1044
05/18/2015,1113
05/19/2006,945
05/19/2007,915
05/19/2008,850
05/19/2009,909
05/19/2010,961
05/19/2011,1095
05/19/2012,1081
05/19/2013,856
05/19/2014,1090
05/19/2015,1052
05/20/2006,1003
05/20/2007,958
05/20/2008,951
05/20/2009,1111
05/20/2010,1136
05/20/2011,1193
05/20/2012,1036
05/20/2013,1066
05/20/2014,1165
05/20/2015,1147
05/21/2006,821
05/21/2007,975
05/21/2008,1024
05/21/2009,1013
05/21/2010,1205
05/21/2011,1070
05/21/2012,964
05/21/2013,1098
05/21/2014,1250
05/21/2015,1075
05/22/2006,963
05/22/2007,1080
05/22/2008,1013
05/22/2009,1138
05/22/2010,1083
05/22/2011,898
05/22/2012,1066
05/22/2013,1171
05/22/2014,1081
05/22/2015,1238
05/23/2006,1012
05/23/2007,1063
05/23/2008,1155
05/23/2009,1029
05/23/2010,909
05/23/2011,986
05/23/2012,1103
05/23/2013,1068
05/23/2014,1186
05/23/2015,1099
05/24/2006,940
05/24/2007,1024
05/24/2008,966
05/24/2009,914
05/24/2010,964
05/24/2011,1041
05/24/2012,1027
05/24/2013,1091
05/24/2014,1082
05/24/2015,1046
05/25/2006,1017
05/25/2007,1106
05/25/2008,896
05/25/2009,926
05/25/2010,1157
05/25/2011,1092
05/25/2012,1210
05/25/2013,1029
05/25/2014,1032
05/25/2015,1002
05/26/2006,1069
05/26/2007,1018
05/26/2008,841
05/26/2009,986
05/26/2010,1038
05/26/2011,1056
05/26/2012,1122
05/26/2013,957
05/26/2014,1048
05/26/2015,1120
05/27/2006,924
05/27/2007,864
05/27/2008,1012
05/27/2009,973
05/27/2010,1014
05/27/2011,1190
05/27/2012,957
05/27/2013,959
05/27/2014,1106
05/27/2015,1083
05/28/2006,925
05/28/2007,905
05/28/2008,1049
05/28/2009,994
05/28/2010,1128
05/28/2011,1063
05/28/2012,931
05/28/2013,1005
05/28/2014,1156
05/28/2015,1055
05/29/2006,771
05/29/2007,1051
05/29/2008,978
05/29/2009,1117
05/29/2010,1078
05/29/2011,948
05/29/2012,1075
05/29/2013,1032
05/29/2014,1143
05/29/2015,1150
05/30/2006,1040
05/30/2007,1085
05/30/2008,1147
05/30/2009,979
05/30/2010,968
05/30/2011,954
05/30/2012,1107
05/30/2013,994
05/30/2014,1265
05/30/2015,1219
05/31/2006,945
05/31/2007,1031
05/31/2008,924
05/31/2009,896
05/31/2010,911
05/31/2011,988
05/31/2012,1037
05/31/2013,1060
05/31/2014,1131
05/31/2015,968
06/01/2006,1324
06/01/2007,1362
06/01/2008,1203
06/01/2009,1264
06/01/2010,1299
06/01/2011,1416
06/01/2012,1438
06/01/2013,1264
06/01/2014,1312
06/01/2015,1206
06/02/2006,1028
06/02/2007,1048
06/02/2008,976
06/02/2009,1042
06/02/2010,1066
06/02/2011,1027
06/02/2012,1034
06/02/2013,1018
06/02/2014,1105
06/02/2015,981
06/03/2006,896
06/03/2007,870
06/03/2008,1103
06/03/2009,992
06/03/2010,1092
06/03/2011,1149
06/03/2012,1034
06/03/2013,1023
06/03/2014,1085
06/03/2015,1049
06/04/2006,890
06/04/2007,894
06/04/2008,1005
06/04/2009,904
06/04/2010,1240
06/04/2011,1166
06/04/2012,888
06/04/2013,1160
06/04/2014,1156
06/04/2015,1049
06/05/2006,963
06/05/2007,1137
06/05/2008,1030
06/05/2009,990
06/05/2010,1120
06/05/2011,971
06/05/2012,1044
06/05/2013,1131
06/05/2014,1020
06/05/2015,1189
06/06/2006,1023
06/06/2007,1086
06/06/2008,1168
06/06/2009,955
06/06/2010,967
06/06/2011,933
06/06/2012,1116
06/06/2013,1029
06/06/2014,1197
06/06/2015,1129
06/07/2006,878
06/07/2007,1029
06/07/2008,991
06/07/2009,957
06/07/2010,974
06/07/2011,1048
06/07/2012,1031
06/07/2013,993
06/07/2014,1074
06/07/2015,1012
06/08/2006,943
06/08/2007,1115
06/08/2008,940
06/08/2009,1010
06/08/2010,1065
06/08/2011,1048
06/08/2012,1127
06/08/2013,955
06/08/2014,1028
06/08/2015,1069
06/09/2006,1113
06/09/2007,992
06/09/2008,947
06/09/2009,941
06/09/2010,965
06/09/2011,980
06/09/2012,1066
06/09/2013,1064
06/09/2014,1022
06/09/2015,1069
06/10/2006,951
06/10/2007,970
06/10/2008,1024
06/10/2009,1080
06/10/2010,1067
06/10/2011,1071
06/10/2012,1078
06/10/2013,940
06/10/2014,1187
06/10/2015,1107
06/11/2006,877
06/11/2007,992
06/11/2008,1026
06/11/2009,1009
06/11/2010,1179
06/11/2011,1001
06/11/2012,998
06/11/2013,985
06/11/2014,1169
06/11/2015,1099
06/12/2006,997
06/12/2007,1046
06/12/2008,1049
06/12/2009,1112
06/12/2010,1050
06/12/2011,1014
06/12/2012,1050
06/12/2013,1150
06/12/2014,1207
06/12/2015,1207
06/13/2006,1005
06/13/2007,1092
06/13/2008,1194
06/13/2009,1037
06/13/2010,925
06/13/2011,966
06/13/2012,1064
06/13/2013,1000
06/13/2014,1176
06/13/2015,1088
06/14/2006,1052
06/14/2007,1067
06/14/2008,1014
06/14/2009,923
06/14/2010,978
06/14/2011,1030
06/14/2012,1051
06/14/2013,1129
06/14/2014,1274
06/14/2015,1078
06/15/2006,1099
06/15/2007,1158
06/15/2008,858
06/15/2009,981
06/15/2010,1071
06/15/2011,1185
06/15/2012,1218
06/15/2013,1223
06/15/2014,1112
06/15/2015,1042
06/16/2006,1076
06/16/2007,998
06/16/2008,1005
06/16/2009,1052
06/16/2010,1058
06/16/2011,1082
06/16/2012,1122
06/16/2013,1018
06/16/2014,1143
06/16/2015,1099
06/17/2006,950
06/17/2007,911
06/17/2008,1003
06/17/2009,1028
06/17/2010,1122
06/17/2011,1056
06/17/2012,952
06/17/2013,1029
06/17/2014,1136
06/17/2015,1126
06/18/2006,893
06/18/2007,999
06/18/2008,1004
06/18/2009,892
06/18/2010,1187
06/18/2011,1047
06/18/2012,1037
06/18/2013,1007
06/18/2014,1160
06/18/2015,1132
06/19/2006,961
06/19/2007,1011
06/19/2008,1028
06/19/2009,1090
06/19/2010,1061
06/19/2011,989
06/19/2012,1052
06/19/2013,1000
06/19/2014,1121
06/19/2015,1208
06/20/2006,1150
06/20/2007,1075
06/20/2008,1239
06/20/2009,1000
06/20/2010,971
06/20/2011,1022
06/20/2012,1128
06/20/2013,1116
06/20/2014,1302
06/20/2015,1129
06/21/2006,1072
06/21/2007,1039
06/21/2008,1044
06/21/2009,925
06/21/2010,980
06/21/2011,1087
06/21/2012,1049
06/21/2013,1156
06/21/2014,1189
06/21/2015,1063
06/22/2006,1089
06/22/2007,1049
06/22/2008,898
06/22/2009,1046
06/22/2010,1008
06/22/2011,1080
06/22/2012,1118
06/22/2013,1183
06/22/2014,1075
06/22/2015,1170
06/23/2006,1142
06/23/2007,1109
06/23/2008,934
06/23/2009,1062
06/23/2010,1083
06/23/2011,1068
06/23/2012,1094
06/23/2013,1064
06/23/2014,1040
06/23/2015,1054
06/24/2006,929
06/24/2007,952
06/24/2008,1059
06/24/2009,1015
06/24/2010,1038
06/24/2011,1122
06/24/2012,1094
06/24/2013,998
06/24/2014,1093
06/24/2015,1106
06/25/2006,921
06/25/2007,1009
06/25/2008,1046
06/25/2009,1052
06/25/2010,1165
06/25/2011,1152
06/25/2012,999
06/25/2013,1106
06/25/2014,1201
06/25/2015,1203
06/26/2006,962
06/26/2007,1037
06/26/2008,1029
06/26/2009,1090
06/26/2010,1070
06/26/2011,1014
06/26/2012,998
06/26/2013,1189
06/26/2014,1111
06/26/2015,1175
06/27/2006,993
06/27/2007,1048
06/27/2008,1083
06/27/2009,1050
06/27/2010,941
06/27/2011,1017
06/27/2012,1168
06/27/2013,1108
06/27/2014,1189
06/27/2015,1072
06/28/2006,984
06/28/2007,964
06/28/2008,1015
06/28/2009,1009
06/28/2010,1009
06/28/2011,1092
06/28/2012,1092
06/28/2013,1197
06/28/2014,1163
06/28/2015,940
06/29/2006,934
06/29/2007,1091
06/29/2008,920
06/29/2009,959
06/29/2010,1021
06/29/2011,1042
06/29/2012,1152
06/29/2013,1169
06/29/2014,1031
06/29/2015,985
06/30/2006,1008
06/30/2007,1033
06/30/2008,912
06/30/2009,1045
06/30/2010,1046
06/30/2011,1081
06/30/2012,1061
06/30/2013,1048
06/30/2014,1048
06/30/2015,1043
07/01/2006,1285
07/01/2007,1210
07/01/2008,1304
07/01/2009,1255
07/01/2010,1292
07/01/2011,1329
07/01/2012,1290
07/01/2013,1199
07/01/2014,1391
07/01/2015,1352
07/02/2006,914
07/02/2007,939
07/02/2008,1046
07/02/2009,1039
07/02/2010,1063
07/02/2011,1085
07/02/2012,1005
07/02/2013,1099
07/02/2014,1132
07/02/2015,1131
07/03/2006,928
07/03/2007,1050
07/03/2008,1082
07/03/2009,1113
07/03/2010,1006
07/03/2011,910
07/03/2012,1138
07/03/2013,1090
07/03/2014,1182
07/03/2015,1244
07/04/2006,993
07/04/2007,981
07/04/2008,928
07/04/2009,1126
07/04/2010,998
07/04/2011,1023
07/04/2012,1194
07/04/2013,1100
07/04/2014,1177
07/04/2015,1107
07/05/2006,1082
07/05/2007,1032
07/05/2008,1001
07/05/2009,953
07/05/2010,942
07/05/2011,1170
07/05/2012,1102
07/05/2013,1177
07/05/2014,1279
07/05/2015,1096
07/06/2006,979
07/06/2007,1077
07/06/2008,855
07/06/2009,921
07/06/2010,981
07/06/2011,1023
07/06/2012,1142
07/06/2013,1079
07/06/2014,1091
07/06/2015,1056
07/07/2006,1117
07/07/2007,1034
07/07/2008,893
07/07/2009,959
07/07/2010,1014
07/07/2011,1060
07/07/2012,1094
07/07/2013,1074
07/07/2014,1095
07/07/2015,1109
07/08/2006,955
07/08/2007,920
07/08/2008,952
07/08/2009,1008
07/08/2010,1033
07/08/2011,1093
07/08/2012,1007
07/08/2013,1085
07/08/2014,1128
07/08/2015,1070
07/09/2006,860
07/09/2007,886
07/09/2008,997
07/09/2009,1097
07/09/2010,1129
07/09/2011,1018
07/09/2012,1010
07/09/2013,1105
07/09/2014,1136
07/09/2015,1093
07/10/2006,1062
07/10/2007,1059
07/10/2008,1024
07/10/2009,1087
07/10/2010,1129
07/10/2011,1017
07/10/2012,1104
07/10/2013,1155
07/10/2014,1244
07/10/2015,1080
07/11/2006,949
07/11/2007,1013
07/11/2008,1165
07/11/2009,1053
07/11/2010,948
07/11/2011,976
07/11/2012,1116
07/11/2013,1139
07/11/2014,1147
07/11/2015,1159
07/12/2006,948
07/12/2007,1048
07/12/2008,1009
07/12/2009,888
07/12/2010,983
07/12/2011,1197
07/12/2012,1181
07/12/2013,1100
07/12/2014,1171
07/12/2015,1132
07/13/2006,1017
07/13/2007,1086
07/13/2008,941
07/13/2009,929
07/13/2010,954
07/13/2011,1050
07/13/2012,1190
07/13/2013,1114
07/13/2014,1076
07/13/2015,1077
07/14/2006,1080
07/14/2007,1057
07/14/2008,930
07/14/2009,1038
07/14/2010,1039
07/14/2011,1116
07/14/2012,1227
07/14/2013,1030
07/14/2014,1121
07/14/2015,1047
07/15/2006,1007
07/15/2007,947
07/15/2008,1038
07/15/2009,1067
07/15/2010,1107
07/15/2011,1205
07/15/2012,1063
07/15/2013,1080
07/15/2014,1079
07/15/2015,1232
07/16/2006,850
07/16/2007,988
07/16/2008,998
07/16/2009,1016
07/16/2010,1159
07/16/2011,1058
07/16/2012,1029
07/16/2013,1108
07/16/2014,1161
07/16/2015,1148
07/17/2006,958
07/17/2007,1028
07/17/2008,1096
07/17/2009,1083
07/17/2010,1058
07/17/2011,1018
07/17/2012,1057
07/17/2013,1127
07/17/2014,1074
07/17/2015,1135
07/18/2006,1019
07/18/2007,994
07/18/2008,1162
07/18/2009,1121
07/18/2010,930
07/18/2011,964
07/18/2012,1092
07/18/2013,1048
07/18/2014,1123
07/18/2015,1120
07/19/2006,1000
07/19/2007,985
07/19/2008,1057
07/19/2009,1009
07/19/2010,984
07/19/2011,1027
07/19/2012,1052
07/19/2013,1152
07/19/2014,1222
07/19/2015,1009
07/20/2006,1118
07/20/2007,1195
07/20/2008,983
07/20/2009,1006
07/20/2010,1126
07/20/2011,1084
07/20/2012,1087
07/20/2013,1172
07/20/2014,1190
07/20/2015,1113
07/21/2006,1021
07/21/2007,1076
07/21/2008,985
07/21/2009,947
07/21/2010,1089
07/21/2011,1055
07/21/2012,1114
07/21/2013,1136
07/21/2014,1107
07/21/2015,1141
07/22/2006,993
07/22/2007,979
07/22/2008,1093
07/22/2009,1027
07/22/2010,1133
07/22/2011,1099
07/22/2012,1107
07/22/2013,1028
07/22/2014,1153
07/22/2015,1200
07/23/2006,895
07/23/2007,886
07/23/2008,1124
07/23/2009,954
07/23/2010,1078
07/23/2011,1006
07/23/2012,984
07/23/2013,1071
07/23/2014,1122
07/23/2015,1241
07/24/2006,972
07/24/2007,1096
07/24/2008,1035
07/24/2009,1098
07/24/2010,1044
07/24/2011,1032
07/24/2012,1020
07/24/2013,1194
07/24/2014,1167
07/24/2015,1189
07/25/2006,1066
07/25/2007,1082
07/25/2008,1191
07/25/2009,1026
07/25/2010,960
07/25/2011,986
07/25/2012,1147
07/25/2013,1170
07/25/2014,1270
07/25/2015,1202
07/26/2006,1014
07/26/2007,1088
07/26/2008,1060
07/26/2009,968
07/26/2010,980
07/26/2011,1094
07/26/2012,1066
07/26/2013,1180
07/26/2014,1177
07/26/2015,1152
07/27/2006,1013
07/27/2007,1147
07/27/2008,943
07/27/2009,982
07/27/2010,1042
07/27/2011,1093
07/27/2012,1122
07/27/2013,1168
07/27/2014,1143
07/27/2015,1080
07/28/2006,1109
07/28/2007,1075
07/28/2008,1019
07/28/2009,1054
07/28/2010,1009
07/28/2011,1105
07/28/2012,1129
07/28/2013,1087
07/28/2014,1116
07/28/2015,1078
07/29/2006,976
07/29/2007,954
07/29/2008,1121
07/29/2009,980
07/29/2010,1102
07/29/2011,1060
07/29/2012,1057
07/29/2013,1031
07/29/2014,1114
07/29/2015,1179
07/30/2006,909
07/30/2007,1023
07/30/2008,1075
07/30/2009,1043
07/30/2010,1040
07/30/2011,1126
07/30/2012,973
07/30/2013,1135
07/30/2014,1126
07/30/2015,1142
07/31/2006,868
07/31/2007,1109
07/31/2008,1039
07/31/2009,1049
07/31/2010,1014
07/31/2011,974
07/31/2012,1090
07/31/2013,1130
07/31/2014,1162
07/31/2015,1198
08/01/2006,1195
08/01/2007,1412
08/01/2008,1369
08/01/2009,1362
08/01/2010,1185
08/01/2011,1250
08/01/2012,1234
08/01/2013,1176
08/01/2014,1490
08/01/2015,1368
08/02/2006,941
08/02/2007,1103
08/02/2008,1098
08/02/2009,958
08/02/2010,1014
08/02/2011,1019
08/02/2012,1188
08/02/2013,1200
08/02/2014,1149
08/02/2015,1133
08/03/2006,1022
08/03/2007,1133
08/03/2008,983
08/03/2009,931
08/03/2010,930
08/03/2011,1021
08/03/2012,1187
08/03/2013,1134
08/03/2014,1091
08/03/2015,1134
08/04/2006,1037
08/04/2007,1042
08/04/2008,990
08/04/2009,1098
08/04/2010,1001
08/04/2011,1105
08/04/2012,1145
08/04/2013,1006
08/04/2014,1108
08/04/2015,1157
08/05/2006,1030
08/05/2007,933
08/05/2008,1054
08/05/2009,1076
08/05/2010,1064
08/05/2011,1152
08/05/2012,1046
08/05/2013,1039
08/05/2014,1131
08/05/2015,1242
08/06/2006,902
08/06/2007,958
08/06/2008,1023
08/06/2009,1069
08/06/2010,1155
08/06/2011,997
08/06/2012,1027
08/06/2013,1129
08/06/2014,1116
08/06/2015,1169
08/07/2006,1000
08/07/2007,1093
08/07/2008,1080
08/07/2009,1161
08/07/2010,1079
08/07/2011,958
08/07/2012,1098
08/07/2013,1067
08/07/2014,1149
08/07/2015,1228
08/08/2006,1054
08/08/2007,946
08/08/2008,1133
08/08/2009,1059
08/08/2010,1048
08/08/2011,909
08/08/2012,1130
08/08/2013,1087
08/08/2014,1272
08/08/2015,1181
08/09/2006,1046
08/09/2007,1101
08/09/2008,1062
08/09/2009,1002
08/09/2010,923
08/09/2011,960
08/09/2012,1173
08/09/2013,1169
08/09/2014,1192
08/09/2015,1085
08/10/2006,1003
08/10/2007,1085
08/10/2008,1033
08/10/2009,996
08/10/2010,1137
08/10/2011,1118
08/10/2012,1165
08/10/2013,1193
08/10/2014,1207
08/10/2015,1082
08/11/2006,1059
08/11/2007,1039
08/11/2008,994
08/11/2009,1029
08/11/2010,1159
08/11/2011,1107
08/11/2012,1196
08/11/2013,1137
08/11/2014,1105
08/11/2015,1025
08/12/2006,1018
08/12/2007,1002
08/12/2008,1071
08/12/2009,1064
08/12/2010,1032
08/12/2011,1141
08/12/2012,1158
08/12/2013,1014
08/12/2014,1108
08/12/2015,1227
08/13/2006,914
08/13/2007,948
08/13/2008,1057
08/13/2009,1094
08/13/2010,1076
08/13/2011,1109
08/13/2012,1032
08/13/2013,1096
08/13/2014,1112
08/13/2015,1199
08/14/2006,1003
08/14/2007,1049
08/14/2008,1035
08/14/2009,1199
08/14/2010,1090
08/14/2011,797
08/14/2012,1075
08/14/2013,1226
08/14/2014,1259
08/14/2015,1296
08/15/2006,1009
08/15/2007,1167
08/15/2008,1132
08/15/2009,1151
08/15/2010,1070
08/15/2011,1051
08/15/2012,1059
08/15/2013,1137
08/15/2014,1274
08/15/2015,1293
08/16/2006,1029
08/16/2007,987
08/16/2008,1055
08/16/2009,961
08/16/2010,953
08/16/2011,985
08/16/2012,1194
08/16/2013,1233
08/16/2014,1233
08/16/2015,1125
08/17/2006,1047
08/17/2007,1085
08/17/2008,1067
08/17/2009,1004
08/17/2010,1012
08/17/2011,1000
08/17/2012,1197
08/17/2013,1160
08/17/2014,1151
08/17/2015,1066
08/18/2006,1053
08/18/2007,1006
08/18/2008,1010
08/18/2009,1024
08/18/2010,1044
08/18/2011,979
08/18/2012,1082
08/18/2013,1034
08/18/2014,1050
08/18/2015,1125
08/19/2006,949
08/19/2007,873
08/19/2008,1069
08/19/2009,1029
08/19/2010,1036
08/19/2011,1096
08/19/2012,1038
08/19/2013,1017
08/19/2014,1142
08/19/2015,1200
08/20/2006,972
08/20/2007,949
08/20/2008,1122
08/20/2009,1134
08/20/2010,1127
08/20/2011,1134
08/20/2012,1109
08/20/2013,1044
08/20/2014,1205
08/20/2015,1239
08/21/2006,979
08/21/2007,877
08/21/2008,1020
08/21/2009,1094
08/21/2010,1039
08/21/2011,970
08/21/2012,1076
08/21/2013,1122
08/21/2014,1166
08/21/2015,1207
08/22/2006,961
08/22/2007,1035
08/22/2008,1129
08/22/2009,1060
08/22/2010,901
08/22/2011,1005
08/22/2012,1086
08/22/2013,1057
08/22/2014,1118
08/22/2015,1196
08/23/2006,985
08/23/2007,1030
08/23/2008,1058
08/23/2009,957
08/23/2010,891
08/23/2011,1030
08/23/2012,1141
08/23/2013,1214
08/23/2014,1203
08/23/2015,1126
08/24/2006,974
08/24/2007,1095
08/24/2008,1012
08/24/2009,998
08/24/2010,975
08/24/2011,1080
08/24/2012,1234
08/24/2013,1230
08/24/2014,1115
08/24/2015,1117
08/25/2006,1018
08/25/2007,1009
08/25/2008,999
08/25/2009,1070
08/25/2010,990
08/25/2011,1014
08/25/2012,1165
08/25/2013,1024
08/25/2014,1059
08/25/2015,1128
08/26/2006,969
08/26/2007,943
08/26/2008,1024
08/26/2009,1101
08/26/2010,1027
08/26/2011,1071
08/26/2012,1091
08/26/2013,1034
08/26/2014,1105
08/26/2015,1151
08/27/2006,875
08/27/2007,1006
08/27/2008,1021
08/27/2009,1105
08/27/2010,1092
08/27/2011,788
08/27/2012,938
08/27/2013,1046
08/27/2014,1133
08/27/2015,1090
08/28/2006,917
08/28/2007,998
08/28/2008,1138
08/28/2009,1037
08/28/2010,1029
08/28/2011,571
08/28/2012,1068
08/28/2013,1133
08/28/2014,1211
08/28/2015,1215
08/29/2006,838
08/29/2007,967
08/29/2008,1056
08/29/2009,1035
08/29/2010,968
08/29/2011,938
08/29/2012,1089
08/29/2013,1084
08/29/2014,1194
08/29/2015,1159
08/30/2006,1032
08/30/2007,1033
08/30/2008,1130
08/30/2009,984
08/30/2010,1003
08/30/2011,1057
08/30/2012,1093
08/30/2013,1204
08/30/2014,1237
08/30/2015,1076
08/31/2006,951
08/31/2007,1071
08/31/2008,952
08/31/2009,933
08/31/2010,978
08/31/2011,999
08/31/2012,1126
08/31/2013,1184
08/31/2014,1036
08/31/2015,1003
09/01/2006,1289
09/01/2007,1283
09/01/2008,1179
09/01/2009,1282
09/01/2010,1286
09/01/2011,1293
09/01/2012,1442
09/01/2013,1347
09/01/2014,1361
09/01/2015,1306
09/02/2006,869
09/02/2007,898
09/02/2008,1019
09/02/2009,1059
09/02/2010,1083
09/02/2011,1047
09/02/2012,999
09/02/2013,1101
09/02/2014,1183
09/02/2015,1128
09/03/2006,921
09/03/2007,900
09/03/2008,1011
09/03/2009,984
09/03/2010,1163
09/03/2011,1084
09/03/2012,1077
09/03/2013,1062
09/03/2014,1158
09/03/2015,1158
09/04/2006,922
09/04/2007,1059
09/04/2008,1028
09/04/2009,1122
09/04/2010,1141
09/04/2011,964
09/04/2012,977
09/04/2013,1142
09/04/2014,1160
09/04/2015,1214
09/05/2006,935
09/05/2007,1079
09/05/2008,1208
09/05/2009,1176
09/05/2010,1030
09/05/2011,924
09/05/2012,1018
09/05/2013,1118
09/05/2014,1262
09/05/2015,1184
09/06/2006,987
09/06/2007,1054
09/06/2008,979
09/06/2009,999
09/06/2010,951
09/06/2011,836
09/06/2012,1013
09/06/2013,1105
09/06/2014,1190
09/06/2015,1091
09/07/2006,994
09/07/2007,1186
09/07/2008,901
09/07/2009,900
09/07/2010,1005
09/07/2011,869
09/07/2012,1157
09/07/2013,1156
09/07/2014,1104
09/07/2015,1023
09/08/2006,1089
09/08/2007,1112
09/08/2008,1008
09/08/2009,962
09/08/2010,1159
09/08/2011,1027
09/08/2012,1090
09/08/2013,1038
09/08/2014,1046
09/08/2015,1033
09/09/2006,974
09/09/2007,990
09/09/2008,963
09/09/2009,988
09/09/2010,1048
09/09/2011,1134
09/09/2012,1016
09/09/2013,1008
09/09/2014,1063
09/09/2015,1157
09/10/2006,924
09/10/2007,999
09/10/2008,1055
09/10/2009,1021
09/10/2010,1144
09/10/2011,1026
09/10/2012,986
09/10/2013,1055
09/10/2014,1168
09/10/2015,1036
09/11/2006,977
09/11/2007,972
09/11/2008,1061
09/11/2009,995
09/11/2010,1057
09/11/2011,897
09/11/2012,1024
09/11/2013,1101
09/11/2014,1140
09/11/2015,1237
09/12/2006,918
09/12/2007,1110
09/12/2008,1128
09/12/2009,1071
09/12/2010,946
09/12/2011,895
09/12/2012,1153
09/12/2013,1108
09/12/2014,1219
09/12/2015,1191
09/13/2006,960
09/13/2007,962
09/13/2008,1090
09/13/2009,973
09/13/2010,898
09/13/2011,1001
09/13/2012,1107
09/13/2013,1226
09/13/2014,1092
09/13/2015,989
09/14/2006,999
09/14/2007,1147
09/14/2008,1001
09/14/2009,922
09/14/2010,962
09/14/2011,1090
09/14/2012,1151
09/14/2013,1127
09/14/2014,1044
09/14/2015,1028
09/15/2006,1050
09/15/2007,1097
09/15/2008,1085
09/15/2009,1099
09/15/2010,1143
09/15/2011,1024
09/15/2012,1204
09/15/2013,1145
09/15/2014,1126
09/15/2015,1142
09/16/2006,955
09/16/2007,942
09/16/2008,1003
09/16/2009,1052
09/16/2010,966
09/16/2011,1100
09/16/2012,939
09/16/2013,1002
09/16/2014,1109
09/16/2015,1115
09/17/2006,889
09/17/2007,911
09/17/2008,1031
09/17/2009,1117
09/17/2010,1126
09/17/2011,957
09/17/2012,966
09/17/2013,1079
09/17/2014,1160
09/17/2015,1122
09/18/2006,858
09/18/2007,914
09/18/2008,1146
09/18/2009,1193
09/18/2010,1084
09/18/2011,858
09/18/2012,937
09/18/2013,1081
09/18/2014,1153
09/18/2015,1278
09/19/2006,941
09/19/2007,1036
09/19/2008,1173
09/19/2009,1050
09/19/2010,1045
09/19/2011,933
09/19/2012,1026
09/19/2013,1174
09/19/2014,1253
09/19/2015,1248
09/20/2006,1107
09/20/2007,1056
09/20/2008,1145
09/20/2009,907
09/20/2010,929
09/20/2011,971
09/20/2012,1074
09/20/2013,1301
09/20/2014,1331
09/20/2015,1094
09/21/2006,999
09/21/2007,1157
09/21/2008,898
09/21/2009,985
09/21/2010,1074
09/21/2011,1088
09/21/2012,1222
09/21/2013,1145
09/21/2014,1061
09/21/2015,1011
09/22/2006,1072
09/22/2007,1022
09/22/2008,932
09/22/2009,1009
09/22/2010,1051
09/22/2011,1094
09/22/2012,1149
09/22/2013,1050
09/22/2014,1080
09/22/2015,1184
09/23/2006,1026
09/23/2007,979
09/23/2008,993
09/23/2009,1082
09/23/2010,1101
09/23/2011,1060
09/23/2012,1037
09/23/2013,1031
09/23/2014,1053
09/23/2015,1091
09/24/2006,984
09/24/2007,972
09/24/2008,1066
09/24/2009,1079
09/24/2010,1163
09/24/2011,1017
09/24/2012,920
09/24/2013,1083
09/24/2014,1131
09/24/2015,970
09/25/2006,1026
09/25/2007,1028
09/25/2008,1046
09/25/2009,1098
09/25/2010,1176
09/25/2011,1034
09/25/2012,1122
09/25/2013,1123
09/25/2014,1000
09/25/2015,1102
09/26/2006,1039
09/26/2007,1040
09/26/2008,1044
09/26/2009,951
09/26/2010,950
09/26/2011,983
09/26/2012,1062
09/26/2013,1151
09/26/2014,1153
09/26/2015,1068
09/27/2006,978
09/27/2007,1036
09/27/2008,1001
09/27/2009,895
09/27/2010,957
09/27/2011,1083
09/27/2012,1071
09/27/2013,1255
09/27/2014,1141
09/27/2015,1001
09/28/2006,1077
09/28/2007,1139
09/28/2008,938
09/28/2009,861
09/28/2010,1039
09/28/2011,1092
09/28/2012,1130
09/28/2013,1188
09/28/2014,1110
09/28/2015,1047
09/29/2006,1160
09/29/2007,1103
09/29/2008,991
09/29/2009,915
09/29/2010,1118
09/29/2011,1008
09/29/2012,1120
09/29/2013,1150
09/29/2014,1075
09/29/2015,1026
09/30/2006,1038
09/30/2007,919
09/30/2008,965
09/30/2009,1037
09/30/2010,1082
09/30/2011,1041
09/30/2012,951
09/30/2013,1092
09/30/2014,1060
09/30/2015,1059
10/01/2006,1137
10/01/2007,1241
10/01/2008,1212
10/01/2009,1279
10/01/2010,1371
10/01/2011,1264
10/01/2012,1235
10/01/2013,1313
10/01/2014,1374
10/01/2015,1182
10/02/2006,1014
10/02/2007,1015
10/02/2008,1035
10/02/2009,1174
10/02/2010,1134
10/02/2011,863
10/02/2012,1047
10/02/2013,1145
10/02/2014,1153
10/02/2015,939
10/03/2006,1011
10/03/2007,1065
10/03/2008,1140
10/03/2009,1085
10/03/2010,946
10/03/2011,864
10/03/2012,1183
10/03/2013,1206
10/03/2014,1179
10/03/2015,969
10/04/2006,1041
10/04/2007,1113
10/04/2008,1069
10/04/2009,989
10/04/2010,857
10/04/2011,957
10/04/2012,1146
10/04/2013,1345
10/04/2014,1150
10/04/2015,1052
10/05/2006,979
10/05/2007,1201
10/05/2008,875
10/05/2009,1003
10/05/2010,1101
10/05/2011,1015
10/05/2012,1340
10/05/2013,1201
10/05/2014,1048
10/05/2015,1067
10/06/2006,1192
10/06/2007,1034
10/06/2008,914
10/06/2009,1002
10/06/2010,1116
10/06/2011,994
10/06/2012,1151
10/06/2013,1070
10/06/2014,1075
10/06/2015,1119
10/07/2006,979
10/07/2007,1004
10/07/2008,959
10/07/2009,987
10/07/2010,1075
10/07/2011,1152
10/07/2012,938
10/07/2013,1037
10/07/2014,1089
10/07/2015,1060
10/08/2006,936
10/08/2007,855
10/08/2008,1054
10/08/2009,1044
10/08/2010,1140
10/08/2011,1021
10/08/2012,897
10/08/2013,1075
10/08/2014,1124
10/08/2015,1079
10/09/2006,916
10/09/2007,1052
10/09/2008,1048
10/09/2009,1115
10/09/2010,1113
10/09/2011,955
10/09/2012,1005
10/09/2013,1093
10/09/2014,1174
10/09/2015,1189
10/10/2006,1074
10/10/2007,1047
10/10/2008,1249
10/10/2009,1102
10/10/2010,1024
10/10/2011,966
10/10/2012,1017
10/10/2013,1142
10/10/2014,1190
10/10/2015,1080
10/11/2006,889
10/11/2007,989
10/11/2008,1039
10/11/2009,888
10/11/2010,922
10/11/2011,1047
10/11/2012,1057
10/11/2013,1199
10/11/2014,1060
10/11/2015,1058
10/12/2006,1072
10/12/2007,1095
10/12/2008,983
10/12/2009,869
10/12/2010,1022
10/12/2011,965
10/12/2012,1135
10/12/2013,1245
10/12/2014,1082
10/12/2015,973
10/13/2006,1066
10/13/2007,1009
10/13/2008,909
10/13/2009,986
10/13/2010,1059
10/13/2011,1050
10/13/2012,1048
10/13/2013,1036
10/13/2014,974
10/13/2015,1078
10/14/2006,973
10/14/2007,902
10/14/2008,1060
10/14/2009,1024
10/14/2010,1113
10/14/2011,1009
10/14/2012,959
10/14/2013,962
10/14/2014,1244
10/14/2015,1114
10/15/2006,925
10/15/2007,955
10/15/2008,1113
10/15/2009,968
10/15/2010,1213
10/15/2011,906
10/15/2012,1014
10/15/2013,1150
10/15/2014,1273
10/15/2015,1184
10/16/2006,913
10/16/2007,1022
10/16/2008,1037
10/16/2009,1074
10/16/2010,1060
10/16/2011,908
10/16/2012,1025
10/16/2013,1034
10/16/2014,1115
10/16/2015,1206
10/17/2006,907
10/17/2007,1069
10/17/2008,1195
10/17/2009,1027
10/17/2010,914
10/17/2011,945
10/17/2012,1082
10/17/2013,1119
10/17/2014,1354
10/17/2015,1003
10/18/2006,1034
10/18/2007,1095
10/18/2008,1047
10/18/2009,823
10/18/2010,933
10/18/2011,1000
10/18/2012,1148
10/18/2013,1141
10/18/2014,1255
10/18/2015,873
10/19/2006,1031
10/19/2007,1080
10/19/2008,871
10/19/2009,882
10/19/2010,1000
10/19/2011,1041
10/19/2012,1125
10/19/2013,1061
10/19/2014,1033
10/19/2015,970
10/20/2006,1126
10/20/2007,1145
10/20/2008,993
10/20/2009,1019
10/20/2010,1182
10/20/2011,1162
10/20/2012,1226
10/20/2013,1046
10/20/2014,1084
10/20/2015,1081
10/21/2006,1016
10/21/2007,962
10/21/2008,1000
10/21/2009,1143
10/21/2010,1106
10/21/2011,1112
10/21/2012,932
10/21/2013,1047
10/21/2014,1092
10/21/2015,1149
10/22/2006,927
10/22/2007,1045
10/22/2008,938
10/22/2009,1080
10/22/2010,1160
10/22/2011,1043
10/22/2012,984
10/22/2013,1024
10/22/2014,1036
10/22/2015,1136
10/23/2006,963
10/23/2007,1129
10/23/2008,947
10/23/2009,1175
10/23/2010,1158
10/23/2011,914
10/23/2012,1040
10/23/2013,1098
10/23/2014,994
10/23/2015,1104
10/24/2006,931
10/24/2007,985
10/24/2008,1199
10/24/2009,967
10/24/2010,952
10/24/2011,926
10/24/2012,1015
10/24/2013,1069
10/24/2014,1248
10/24/2015,1043
10/25/2006,1004
10/25/2007,1059
10/25/2008,1026
10/25/2009,943
10/25/2010,952
10/25/2011,978
10/25/2012,983
10/25/2013,1189
10/25/2014,1298
10/25/2015,999
10/26/2006,957
10/26/2007,1083
10/26/2008,866
10/26/2009,910
10/26/2010,1114
10/26/2011,1051
10/26/2012,1106
10/26/2013,1080
10/26/2014,1062
10/26/2015,952
10/27/2006,1104
10/27/2007,1011
10/27/2008,948
10/27/2009,941
10/27/2010,1050
10/27/2011,894
10/27/2012,1078
10/27/2013,1007
10/27/2014,1071
10/27/2015,959
10/28/2006,956
10/28/2007,864
10/28/2008,825
10/28/2009,933
10/28/2010,1110
10/28/2011,1084
10/28/2012,935
10/28/2013,1030
10/28/2014,1129
10/28/2015,884
10/29/2006,903
10/29/2007,866
10/29/2008,983
10/29/2009,1033
10/29/2010,1229
10/29/2011,801
10/29/2012,613
10/29/2013,1008
10/29/2014,1068
10/29/2015,1055
10/30/2006,940
10/30/2007,958
10/30/2008,1023
10/30/2009,1158
10/30/2010,1024
10/30/2011,841
10/30/2012,638
10/30/2013,1170
10/30/2014,1076
10/30/2015,1149
10/31/2006,1099
10/31/2007,1108
10/31/2008,1127
10/31/2009,1104
10/31/2010,1021
10/31/2011,994
10/31/2012,839
10/31/2013,1223
10/31/2014,1234
10/31/2015,1210
11/01/2006,1365
11/01/2007,1304
11/01/2008,1335
11/01/2009,1186
11/01/2010,1095
11/01/2011,1274
11/01/2012,948
11/01/2013,1439
11/01/2014,1226
11/01/2015,1196
11/02/2006,916
11/02/2007,1091
11/02/2008,860
11/02/2009,984
11/02/2010,898
11/02/2011,1007
11/02/2012,784
11/02/2013,1173
11/02/2014,935
11/02/2015,956
11/03/2006,1080
11/03/2007,1013
11/03/2008,935
11/03/2009,952
11/03/2010,1013
11/03/2011,1039
11/03/2012,809
11/03/2013,966
11/03/2014,1041
11/03/2015,1020
11/04/2006,898
11/04/2007,910
11/04/2008,855
11/04/2009,992
11/04/2010,935
11/04/2011,1111
11/04/2012,807
11/04/2013,919
11/04/2014,1044
11/04/2015,1131
11/05/2006,810
11/05/2007,955
11/05/2008,993
11/05/2009,1001
11/05/2010,1147
11/05/2011,1066
11/05/2012,759
11/05/2013,983
11/05/2014,1104
11/05/2015,1080
11/06/2006,986
11/06/2007,884
11/06/2008,1022
11/06/2009,1059
11/06/2010,1045
11/06/2011,878
11/06/2012,713
11/06/2013,1042
11/06/2014,1001
11/06/2015,1140
11/07/2006,842
11/07/2007,925
11/07/2008,1124
11/07/2009,1010
11/07/2010,892
11/07/2011,1002
11/07/2012,671
11/07/2013,1087
11/07/2014,1179
11/07/2015,1094
11/08/2006,894
11/08/2007,966
11/08/2008,1051
11/08/2009,915
11/08/2010,838
11/08/2011,939
11/08/2012,761
11/08/2013,1186
11/08/2014,1145
11/08/2015,914
11/09/2006,1047
11/09/2007,1050
11/09/2008,926
11/09/2009,943
11/09/2010,1012
11/09/2011,1057
11/09/2012,996
11/09/2013,1141
11/09/2014,1012
11/09/2015,1008
11/10/2006,1145
11/10/2007,973
11/10/2008,929
11/10/2009,1075
11/10/2010,1126
11/10/2011,1111
11/10/2012,993
11/10/2013,1050
11/10/2014,1059
11/10/2015,983
11/11/2006,1047
11/11/2007,870
11/11/2008,931
11/11/2009,991
11/11/2010,959
11/11/2011,1078
11/11/2012,900
11/11/2013,940
11/11/2014,1047
11/11/2015,1028
11/12/2006,855
11/12/2007,854
11/12/2008,993
11/12/2009,912
11/12/2010,1181
11/12/2011,1028
11/12/2012,925
11/12/2013,1027
11/12/2014,1107
11/12/2015,1084
11/13/2006,940
11/13/2007,1020
11/13/2008,887
11/13/2009,1114
11/13/2010,1112
11/13/2011,901
11/13/2012,901
11/13/2013,1091
11/13/2014,990
11/13/2015,1104
11/14/2006,957
11/14/2007,983
11/14/2008,1117
11/14/2009,964
11/14/2010,909
11/14/2011,996
11/14/2012,973
11/14/2013,1167
11/14/2014,1061
11/14/2015,992
11/15/2006,1066
11/15/2007,1037
11/15/2008,984
11/15/2009,994
11/15/2010,995
11/15/2011,1022
11/15/2012,1022
11/15/2013,1246
11/15/2014,1031
11/15/2015,1000
11/16/2006,965
11/16/2007,1077
11/16/2008,828
11/16/2009,994
11/16/2010,967
11/16/2011,938
11/16/2012,1032
11/16/2013,1202
11/16/2014,953
11/16/2015,996
11/17/2006,1092
11/17/2007,966
11/17/2008,914
11/17/2009,1028
11/17/2010,1059
11/17/2011,994
11/17/2012,962
11/17/2013,1037
11/17/2014,868
11/17/2015,1056
11/18/2006,931
11/18/2007,921
11/18/2008,891
11/18/2009,1028
11/18/2010,1115
11/18/2011,1054
11/18/2012,875
11/18/2013,1119
11/18/2014,967
11/18/2015,1023
11/19/2006,835
11/19/2007,841
11/19/2008,979
11/19/2009,1004
11/19/2010,1102
11/19/2011,1049
11/19/2012,921
11/19/2013,995
11/19/2014,921
11/19/2015,1023
11/20/2006,957
11/20/2007,933
11/20/2008,1070
11/20/2009,1253
11/20/2010,1086
11/20/2011,942
11/20/2012,1020
11/20/2013,1104
11/20/2014,1038
11/20/2015,1173
11/21/2006,995
11/21/2007,1104
11/21/2008,1141
11/21/2009,1015
11/21/2010,845
11/21/2011,1001
11/21/2012,1061
11/21/2013,1053
11/21/2014,1108
11/21/2015,1037
11/22/2006,978
11/22/2007,698
11/22/2008,908
11/22/2009,866
11/22/2010,913
11/22/2011,1021
11/22/2012,718
11/22/2013,1288
11/22/2014,1089
11/22/2015,959
11/23/2006,686
11/23/2007,984
11/23/2008,780
11/23/2009,964
11/23/2010,986
11/23/2011,1073
11/23/2012,1029
11/23/2013,1177
11/23/2014,994
11/23/2015,895
11/24/2006,970
11/24/2007,950
11/24/2008,970
11/24/2009,989
11/24/2010,1085
11/24/2011,703
11/24/2012,955
11/24/2013,842
11/24/2014,1038
11/24/2015,988
11/25/2006,970
11/25/2007,829
11/25/2008,976
11/25/2009,1040
11/25/2010,702
11/25/2011,1150
11/25/2012,832
11/25/2013,995
11/25/2014,993
11/25/2015,1021
11/26/2006,824
11/26/2007,880
11/26/2008,1030
11/26/2009,652
11/26/2010,1045
11/26/2011,1018
11/26/2012,915
11/26/2013,960
11/26/2014,959
11/26/2015,777
11/27/2006,929
11/27/2007,982
11/27/2008,652
11/27/2009,1029
11/27/2010,1010
11/27/2011,950
11/27/2012,879
11/27/2013,1023
11/27/2014,676
11/27/2015,1036
11/28/2006,990
11/28/2007,956
11/28/2008,1074
11/28/2009,964
11/28/2010,859
11/28/2011,1073
11/28/2012,1008
11/28/2013,801
11/28/2014,1083
11/28/2015,1016
11/29/2006,937
11/29/2007,946
11/29/2008,969
11/29/2009,883
11/29/2010,945
11/29/2011,954
11/29/2012,1025
11/29/2013,1061
11/29/2014,938
11/29/2015,908
11/30/2006,1033
11/30/2007,1123
11/30/2008,830
11/30/2009,868
11/30/2010,936
11/30/2011,1026
11/30/2012,1215
11/30/2013,1040
11/30/2014,986
11/30/2015,890
12/01/2006,1324
12/01/2007,1128
12/01/2008,1170
12/01/2009,1184
12/01/2010,1101
12/01/2011,1173
12/01/2012,1246
12/01/2013,1183
12/01/2014,1095
12/01/2015,981
12/02/2006,996
12/02/2007,737
12/02/2008,1017
12/02/2009,991
12/02/2010,967
12/02/2011,1073
12/02/2012,939
12/02/2013,1013
12/02/2014,964
12/02/2015,1019
12/03/2006,847
12/03/2007,937
12/03/2008,954
12/03/2009,955
12/03/2010,1087
12/03/2011,1018
12/03/2012,882
12/03/2013,993
12/03/2014,939
12/03/2015,943
12/04/2006,902
12/04/2007,921
12/04/2008,934
12/04/2009,1070
12/04/2010,979
12/04/2011,902
12/04/2012,1014
12/04/2013,1114
12/04/2014,927
12/04/2015,1110
12/05/2006,923
12/05/2007,938
12/05/2008,1081
12/05/2009,941
12/05/2010,804
12/05/2011,1002
12/05/2012,997
12/05/2013,1130
12/05/2014,991
12/05/2015,1096
12/06/2006,1003
12/06/2007,973
12/06/2008,947
12/06/2009,848
12/06/2010,820
12/06/2011,910
12/06/2012,957
12/06/2013,1140
12/06/2014,936
12/06/2015,923
12/07/2006,929
12/07/2007,1093
12/07/2008,785
12/07/2009,884
12/07/2010,909
12/07/2011,933
12/07/2012,1008
12/07/2013,1128
12/07/2014,847
12/07/2015,926
12/08/2006,970
12/08/2007,950
12/08/2008,846
12/08/2009,962
12/08/2010,911
12/08/2011,950
12/08/2012,1141
12/08/2013,945
12/08/2014,824
12/08/2015,954
12/09/2006,935
12/09/2007,807
12/09/2008,984
12/09/2009,917
12/09/2010,875
12/09/2011,1119
12/09/2012,916
12/09/2013,952
12/09/2014,851
12/09/2015,981
12/10/2006,874
12/10/2007,915
12/10/2008,1037
12/10/2009,943
12/10/2010,1071
12/10/2011,1077
12/10/2012,1016
12/10/2013,1029
12/10/2014,933
12/10/2015,1038
12/11/2006,962
12/11/2007,976
12/11/2008,910
12/11/2009,1019
12/11/2010,1011
12/11/2011,778
12/11/2012,994
12/11/2013,1013
12/11/2014,993
12/11/2015,1215
12/12/2006,1009
12/12/2007,1001
12/12/2008,1046
12/12/2009,995
12/12/2010,786
12/12/2011,962
12/12/2012,1033
12/12/2013,954
12/12/2014,1077
12/12/2015,1161
12/13/2006,971
12/13/2007,853
12/13/2008,1011
12/13/2009,816
12/13/2010,886
12/13/2011,959
12/13/2012,971
12/13/2013,1128
12/13/2014,1093
12/13/2015,994
12/14/2006,930
12/14/2007,1038
12/14/2008,851
12/14/2009,890
12/14/2010,862
12/14/2011,1048
12/14/2012,1167
12/14/2013,964
12/14/2014,974
12/14/2015,970
12/15/2006,1161
12/15/2007,1073
12/15/2008,908
12/15/2009,1082
12/15/2010,912
12/15/2011,1133
12/15/2012,1088
12/15/2013,853
12/15/2014,980
12/15/2015,998
12/16/2006,941
12/16/2007,761
12/16/2008,918
12/16/2009,967
12/16/2010,905
12/16/2011,1165
12/16/2012,880
12/16/2013,915
12/16/2014,937
12/16/2015,965
12/17/2006,842
12/17/2007,849
12/17/2008,963
12/17/2009,855
12/17/2010,1082
12/17/2011,967
12/17/2012,935
12/17/2013,954
12/17/2014,1066
12/17/2015,952
12/18/2006,897
12/18/2007,1003
12/18/2008,1036
12/18/2009,985
12/18/2010,970
12/18/2011,773
12/18/2012,935
12/18/2013,1035
12/18/2014,1010
12/18/2015,1085
12/19/2006,943
12/19/2007,942
12/19/2008,845
12/19/2009,770
12/19/2010,817
12/19/2011,839
12/19/2012,1070
12/19/2013,1072
12/19/2014,1051
12/19/2015,991
12/20/2006,1025
12/20/2007,1063
12/20/2008,941
12/20/2009,679
12/20/2010,846
12/20/2011,1047
12/20/2012,1128
12/20/2013,1205
12/20/2014,982
12/20/2015,924
12/21/2006,1012
12/21/2007,1181
12/21/2008,814
12/21/2009,761
12/21/2010,949
12/21/2011,1042
12/21/2012,1059
12/21/2013,1160
12/21/2014,824
12/21/2015,882
12/22/2006,1104
12/22/2007,997
12/22/2008,794
12/22/2009,915
12/22/2010,970
12/22/2011,1056
12/22/2012,977
12/22/2013,1064
12/22/2014,864
12/22/2015,979
12/23/2006,995
12/23/2007,923
12/23/2008,964
12/23/2009,905
12/23/2010,975
12/23/2011,1074
12/23/2012,982
12/23/2013,1013
12/23/2014,893
12/23/2015,879
12/24/2006,764
12/24/2007,919
12/24/2008,779
12/24/2009,771
12/24/2010,856
12/24/2011,842
12/24/2012,806
12/24/2013,978
12/24/2014,791
12/24/2015,880
12/25/2006,656
12/25/2007,711
12/25/2008,637
12/25/2009,652
12/25/2010,591
12/25/2011,657
12/25/2012,620
12/25/2013,705
12/25/2014,714
12/25/2015,751
12/26/2006,853
12/26/2007,850
12/26/2008,933
12/26/2009,780
12/26/2010,471
12/26/2011,832
12/26/2012,772
12/26/2013,933
12/26/2014,797
12/26/2015,923
12/27/2006,876
12/27/2007,935
12/27/2008,954
12/27/2009,880
12/27/2010,312
12/27/2011,876
12/27/2012,877
12/27/2013,1092
12/27/2014,831
12/27/2015,864
12/28/2006,907
12/28/2007,942
12/28/2008,893
12/28/2009,879
12/28/2010,565
12/28/2011,947
12/28/2012,1052
12/28/2013,1109
12/28/2014,771
12/28/2015,835
12/29/2006,947
12/29/2007,951
12/29/2008,865
12/29/2009,844
12/29/2010,700
12/29/2011,926
12/29/2012,940
12/29/2013,891
12/29/2014,791
12/29/2015,792
12/30/2006,880
12/30/2007,870
12/30/2008,859
12/30/2009,954
12/30/2010,816
12/30/2011,1057
12/30/2012,805
12/30/2013,948
12/30/2014,806
12/30/2015,803
12/31/2006,809
12/31/2007,888
12/31/2008,826
12/31/2009,841
12/31/2010,856
12/31/2011,969
12/31/2012,926
12/31/2013,910
12/31/2014,746
12/31/2015,587
